<?xml version="1.0" encoding="utf-8"?>
<odoo>

    <data>
        <record id="cron_create_auto_replanishment" model="ir.cron">
            <field name="name">Create Replanishment</field>
            <field name="model_id" ref="stock.model_stock_warehouse_orderpoint"/>
            <field name="interval_number">1</field>
            <field name="interval_type">days</field>
            <field name="numbercall">-1</field>
            <field name="doall" eval="False" />
            <field name="state">code</field>
            <field name="code">
                model.cron_auto_create_replanishment()
            </field>
          </record>
    </data>

</odoo>
